"Qubit","T1 (us)","T2 (us)","Readout assignment error","Prob meas0 prep1","Prob meas1 prep0","Readout length (ns)","ID error","Single-qubit gate length (ns)","RX error","Z-axis rotation (rz) error","√x (sx) error","Pauli-X error","CZ error","Gate length (ns)","RZZ error","MEASURE error","Operational"
"0","104.3960244772003","192.3551056963183","0.1279296875","0.14404296875","0.11181640625","1560","0.00018395681610894197","32","0.00018395681610894197","0","0.00018395681610894197","0.00018395681610894197","15:0.0015146393549317072;1:0.0016679747178339754","15:68;1:68","15:0.0019419912318094923;1:0.0020271644414322776","0.1279296875","Yes"
"1","219.35204771965115","150.87339825397322","0.0552978515625","0.0400390625","0.070556640625","1560","0.00018463553787392468","32","0.00018463553787392468","0","0.00018463553787392468","0.00018463553787392468","2:0.0026029351850445637;0:0.0016679747178339754","2:68;0:68","2:0.0016591360113955567;0:0.0020271644414322776","0.0552978515625","Yes"
"2","149.07081260130875","131.48452187506948","0.0535888671875","0.067138671875","0.0400390625","1560","0.0005634219275683821","32","0.0005634219275683821","0","0.0005634219275683821","0.0005634219275683821","1:0.0026029351850445637;3:0.002765022415237045","1:68;3:68","1:0.0016591360113955567;3:0.0015489743192020344","0.0535888671875","Yes"
"3","273.8680968785401","185.21981813513298","0.02099609375","0.017578125","0.0244140625","1560","0.0003669398765304621","32","0.0003669398765304621","0","0.0003669398765304621","0.0003669398765304621","2:0.002765022415237045;4:0.0024423940243324394","2:68;4:68","2:0.0015489743192020344;4:0.0022875679538645333","0.02099609375","Yes"
"4","169.41685203936805","186.91986950423865","0.039306640625","0.044677734375","0.033935546875","1560","0.00031330919762003585","32","0.00031330919762003585","0","0.00031330919762003585","0.00031330919762003585","3:0.0024423940243324394;5:0.0017963877096318914;16:0.0017590240698802384","3:68;5:68;16:80","3:0.0022875679538645333;5:0.001992616125618435;16:0.001724799410570077","0.039306640625","Yes"
"5","89.67417725199061","125.67856950984523","0.033935546875","0.020751953125","0.047119140625","1560","0.0001742387849706502","32","0.0001742387849706502","0","0.0001742387849706502","0.0001742387849706502","6:0.002045971415699871;4:0.0017963877096318914","6:68;4:68","6:0.0019007754709512437;4:0.001992616125618435","0.033935546875","Yes"
"6","38.220080707154885","53.62994513460609","0.0133056640625","0.02392578125","0.002685546875","1560","0.0003985558175343241","32","0.0003985558175343241","0","0.0003985558175343241","0.0003985558175343241","5:0.002045971415699871;7:0.00236769855108393","5:68;7:68","5:0.0019007754709512437;7:0.0024841262222270732","0.0133056640625","Yes"
"7","305.20821039704805","177.84992061647097","0.0775146484375","0.0546875","0.100341796875","1560","0.00033280510302510265","32","0.00033280510302510265","0","0.00033280510302510265","0.00033280510302510265","6:0.00236769855108393;8:0.0018940474470164337","6:68;8:68","6:0.0024841262222270732;8:0.0021244620813324067","0.0775146484375","Yes"
"8","140.65498699931595","150.59318494531695","0.055908203125","0.045654296875","0.066162109375","1560","0.00016277912661116905","32","0.00016277912661116905","0","0.00016277912661116905","0.00016277912661116905","9:0.0023967021250294596;17:0.0022617156309481246;7:0.0018940474470164337","9:68;17:108;7:68","9:0.002271479270698068;17:0.0030622002126344805;7:0.0021244620813324067","0.055908203125","Yes"
"9","91.94571500985698","98.78346290099489","0.0167236328125","0.03173828125","0.001708984375","1560","0.00026439618068475906","32","0.00026439618068475906","0","0.00026439618068475906","0.00026439618068475906","8:0.0023967021250294596;10:0.0023538105265981657","8:68;10:68","8:0.002271479270698068;10:0.0022219261730427042","0.0167236328125","Yes"
"10","282.53914307876533","271.6621499928188","0.039306640625","0.02001953125","0.05859375","1560","0.00012780853274493116","32","0.00012780853274493116","0","0.00012780853274493116","0.00012780853274493116","9:0.0023538105265981657;11:0.001438669108067614","9:68;11:68","9:0.0022219261730427042;11:0.001558615970597227","0.039306640625","Yes"
"11","147.89778547216312","176.91804121852732","0.0074462890625","0.01025390625","0.004638671875","1560","0.00017249784122627207","32","0.00017249784122627207","0","0.00017249784122627207","0.00017249784122627207","10:0.001438669108067614;12:0.003376118680641249","10:68;12:68","10:0.001558615970597227;12:0.0020122195127342812","0.0074462890625","Yes"
"12","323.39460916931944","294.47544280374495","0.0181884765625","0.015625","0.020751953125","1560","0.00010913375759160628","32","0.00010913375759160628","0","0.00010913375759160628","0.00010913375759160628","18:0.001342014972769423;13:0.0018401364318171576;11:0.003376118680641249","18:68;13:68;11:68","18:0.0020300589948334113;13:0.002186338936953136;11:0.0020122195127342812","0.0181884765625","Yes"
"13","248.25479452291074","184.68977067360902","0.02685546875","0.02392578125","0.02978515625","1560","0.0001689325926299878","32","0.0001689325926299878","0","0.0001689325926299878","0.0001689325926299878","12:0.0018401364318171576;14:0.0027080091915966387","12:68;14:68","12:0.002186338936953136;14:0.0023438667873014463","0.02685546875","Yes"
"14","243.904475702537","144.03701022287376","0.033203125","0.022705078125","0.043701171875","1560","0.00018153089938327833","32","0.00018153089938327833","0","0.00018153089938327833","0.00018153089938327833","13:0.0027080091915966387","13:68","13:0.0023438667873014463","0.033203125","Yes"
"15","181.01638829723115","39.86240231898158","0.020263671875","0.035400390625","0.005126953125","1560","0.00046201646110458587","32","0.00046201646110458587","0","0.00046201646110458587","0.00046201646110458587","0:0.0015146393549317072;19:0.0034021306965428266","0:68;19:80","0:0.0019419912318094923;19:0.003306648000258844","0.020263671875","Yes"
"16","212.13066645211012","169.09579518897115","0.0283203125","0.021240234375","0.035400390625","1560","0.0001627156295933341","32","0.0001627156295933341","0","0.0001627156295933341","0.0001627156295933341","23:0.002908487335663207;4:0.0017590240698802384","23:184;4:80","23:0.0024477403571091794;4:0.001724799410570077","0.0283203125","Yes"
"17","147.1935129649954","95.57629252405584","0.011474609375","0.018798828125","0.004150390625","1560","0.0006404327886841474","32","0.0006404327886841474","0","0.0006404327886841474","0.0006404327886841474","27:0.0036320601004476982;8:0.0022617156309481246","27:160;8:108","27:0.0035601768532914357;8:0.0030622002126344805","0.011474609375","Yes"
"18","246.32212468526092","196.24040257727182","0.0062255859375","0.00390625","0.008544921875","1560","0.0002840017151045589","32","0.0002840017151045589","0","0.0002840017151045589","0.0002840017151045589","12:0.001342014972769423;31:0.0017547526964550308","12:68;31:68","12:0.0020300589948334113;31:0.0018580201732339985","0.0062255859375","Yes"
"19","108.85220322779429","217.45631168498758","0.0560302734375","0.06884765625","0.043212890625","1560","0.0013310217482566107","32","0.0013310217482566107","0","0.0013310217482566107","0.0013310217482566107","20:0.004443110805886663;15:0.0034021306965428266","20:108;15:80","20:0.0034057266542879827;15:0.003306648000258844","0.0560302734375","Yes"
"20","124.97886707658003","94.0116999380546","0.01904296875","0.029052734375","0.009033203125","1560","0.00022317071436570227","32","0.00022317071436570227","0","0.00022317071436570227","0.00022317071436570227","19:0.004443110805886663;21:0.005718079731480308","19:108;21:68","19:0.0034057266542879827;21:0.004562335662018607","0.01904296875","Yes"
"21","84.75199660715104","23.74470091115302","0.0750732421875","0.06396484375","0.086181640625","1560","0.0008927269098648193","32","0.0008927269098648193","0","0.0008927269098648193","0.0008927269098648193","34:0.0022865848535254807;20:0.005718079731480308;22:0.003727500195061323","34:68;20:68;22:68","34:0.0018109760033943878;20:0.004562335662018607","0.0750732421875","Yes"
"22","43.01576566593405","53.61760346414268","0.029296875","0.03125","0.02734375","1560","0.00036955480614851965","32","0.00036955480614851965","0","0.00036955480614851965","0.00036955480614851965","23:0.0037366327685186274;21:0.003727500195061323","23:68;21:68","23:0.003403989093604065","0.029296875","Yes"
"23","131.90169128865202","179.51701381286608","0.0548095703125","0.03369140625","0.07421875","1560","0.0002165147089098539","32","0.0002165147089098539","0","0.0002165147089098539","0.0002165147089098539","22:0.0037366327685186274;24:0.0014511449364694728;16:0.002908487335663207","22:68;24:68;16:184","22:0.003403989093604065;24:0.0017852553042084773;16:0.0024477403571091794","0.0548095703125","Yes"
"24","157.81823180171784","169.15146894515294","0.0306396484375","0.021240234375","0.0400390625","1560","0.00035205949634674967","32","0.00035205949634674967","0","0.00035205949634674967","0.00035205949634674967","23:0.0014511449364694728;25:0.00185897525939957","23:68;25:68","23:0.0017852553042084773;25:0.0018587501269602957","0.0306396484375","Yes"
"25","203.1532102731674","171.37657987146952","0.1068115234375","0.105712890625","0.10791015625","1560","0.00027136353522218314","32","0.00027136353522218314","0","0.00027136353522218314","0.00027136353522218314","24:0.00185897525939957;26:0.0023970875242820544;35:0.0021095222441641914","24:68;26:68;35:108","24:0.0018587501269602957;26:0.0029007004635112077;35:0.0018020233978996159","0.1068115234375","Yes"
"26","194.71696075895701","191.90480220488283","0.1182861328125","0.177734375","0.058837890625","1560","0.0025628352181252885","32","0.0025628352181252885","0","0.0025628352181252885","0.0025628352181252885","25:0.0023970875242820544;27:0.0023851317702626718","25:68;27:68","25:0.0029007004635112077;27:0.003739136857813463","0.1182861328125","Yes"
"27","89.20995266109767","96.81001872816412","0.0606689453125","0.04833984375","0.072998046875","1560","0.000318897437965078","32","0.000318897437965078","0","0.000318897437965078","0.000318897437965078","26:0.0023851317702626718;28:0.0016792012638821019;17:0.0036320601004476982","26:68;28:80;17:160","26:0.003739136857813463;28:0.0019216172953770427;17:0.0035601768532914357","0.0606689453125","Yes"
"28","141.9658832919257","155.815632726006","0.009765625","0.009521484375","0.010009765625","1560","0.00028686625696480657","32","0.00028686625696480657","0","0.00028686625696480657","0.00028686625696480657","27:0.0016792012638821019;29:0.0029306778585465876","27:80;29:116","27:0.0019216172953770427;29:0.002939311798750621","0.009765625","Yes"
"29","149.67869749056158","132.29458516382627","0.016357421875","0.00927734375","0.0234375","1560","0.000474645691661122","32","0.000474645691661122","0","0.000474645691661122","0.000474645691661122","36:0.0024013027775936224;28:0.0029306778585465876;30:0.0026662509583295635","36:68;28:116;30:68","36:0.0022587229767264405;28:0.002939311798750621;30:0.0021358065633600154","0.016357421875","Yes"
"30","126.8054298331006","104.81670477351807","0.01220703125","0.013671875","0.0107421875","1560","0.00018851187427993454","32","0.00018851187427993454","0","0.00018851187427993454","0.00018851187427993454","31:0.001957054028636329;29:0.0026662509583295635","31:68;29:68","31:0.0017973064519253013;29:0.0021358065633600154","0.01220703125","Yes"
"31","152.93447620881977","178.0252592367995","0.0589599609375","0.046142578125","0.07177734375","1560","0.00030562783026893525","32","0.00030562783026893525","0","0.00030562783026893525","0.00030562783026893525","30:0.001957054028636329;32:0.005672286539121968;18:0.0017547526964550308","30:68;32:68;18:68","30:0.0017973064519253013;32:0.005607181729115701;18:0.0018580201732339985","0.0589599609375","Yes"
"32","6.764940998367343","10.582689475781725","0.0228271484375","0.035888671875","0.009765625","1560","0.00155435914102897","32","0.00155435914102897","0","0.00155435914102897","0.00155435914102897","31:0.005672286539121968;33:0.006043653391352544","31:68;33:68","31:0.005607181729115701;33:0.0068054499405614255","0.0228271484375","Yes"
"33","191.4955545208949","64.07601025031254","0.0343017578125","0.0341796875","0.034423828125","1560","0.0003947029500218934","32","0.0003947029500218934","0","0.0003947029500218934","0.0003947029500218934","37:0.0024838096655275532;32:0.006043653391352544","37:88;32:68","37:0.0033867276482906217;32:0.0068054499405614255","0.0343017578125","Yes"
"34","179.84236154934808","93.25356198467087","0.03759765625","0.029296875","0.0458984375","1560","0.00023855945601960668","32","0.00023855945601960668","0","0.00023855945601960668","0.00023855945601960668","21:0.0022865848535254807;40:0.0021886299554158273","21:68;40:96","21:0.0018109760033943878;40:0.001694978680632675","0.03759765625","Yes"
"35","197.13237655720292","115.78815588125016","0.0137939453125","0.01171875","0.015869140625","1560","0.00037492395042638764","32","0.00037492395042638764","0","0.00037492395042638764","0.00037492395042638764","25:0.0021095222441641914","44:108;25:108","25:0.0018020233978996159","0.0137939453125","Yes"
"36","81.62505013367523","116.88811690734481","0.00732421875","0.0107421875","0.00390625","1560","0.00046337326629834535","32","0.00046337326629834535","0","0.00046337326629834535","0.00046337326629834535","48:0.0019713904873516763;29:0.0024013027775936224","48:68;29:68","48:0.002060749387379407;29:0.0022587229767264405","0.00732421875","Yes"
"37","101.11086473550503","76.30726806781895","0.005615234375","0.0087890625","0.00244140625","1560","0.000408514929815827","32","0.000408514929815827","0","0.000408514929815827","0.000408514929815827","33:0.0024838096655275532;52:0.0021501157555836314","33:88;52:104","33:0.0033867276482906217;52:0.0031691552678565493","0.005615234375","Yes"
"38","246.2664710507437","200.66282385429938","0.0645751953125","0.062255859375","0.06689453125","1560","0.00020159082518735012","32","0.00020159082518735012","0","0.00020159082518735012","0.00020159082518735012","39:0.0171305642532342","53:68;39:68","39:0.019368706082165538","0.0645751953125","Yes"
"39","39.615945921854106","50.85888073261406","0.1209716796875","0.197265625","0.044677734375","1560","0.0007753239074184442","32","0.0007753239074184442","0","0.0007753239074184442","0.0007753239074184442","38:0.0171305642532342;40:0.02600367366850312","38:68;40:68","38:0.019368706082165538;40:0.015954509909500925","0.1209716796875","Yes"
"40","281.1142062706014","154.17342021423255","0.018310546875","0.0166015625","0.025146484375","1560","0.00023551544934991226","32","0.00023551544934991226","0","0.00023551544934991226","0.00023551544934991226","41:0.20258902276219334;34:0.0021886299554158273;39:0.02600367366850312","41:68;34:96;39:68","41:0.09795546703549685;34:0.001694978680632675;39:0.015954509909500925","0.018310546875","Yes"
"41","22.51840811434996","58.25057965828797","0.0921630859375","0.163818359375","0.0205078125","1560","0.046452237065649105","32","0.046452237065649105","0","0.046452237065649105","0.046452237065649105","40:0.20258902276219334;42:0.1522287997436621","40:68;42:68","40:0.09795546703549685;42:0.05287884562143863","0.0921630859375","Yes"
"42","213.15104881989637","140.91489146197986","0.204833984375","0.237060546875","0.172607421875","1560","0.00032480455568575456","32","0.00032480455568575456","0","0.00032480455568575456","0.00032480455568575456","41:0.1522287997436621;43:0.0027331812431807823;54:0.002553784284221705","41:68;43:68;54:80","41:0.05287884562143863;43:0.002920949716078175;54:0.00239244891667012","0.204833984375","Yes"
"43","83.60811077168387","70.38139138304992","0.01123046875","0.013671875","0.0087890625","1560","0.00030714455550089845","32","0.00030714455550089845","0","0.00030714455550089845","0.00030714455550089845","42:0.0027331812431807823;44:0.0017151246647177099","42:68;44:68","42:0.002920949716078175;44:0.003399935404702431","0.01123046875","Yes"
"44","299.00364514039177","82.20041498991513","0.03857421875","0.02734375","0.0498046875","1560","0.00016364823022250942","32","0.00016364823022250942","0","0.00016364823022250942","0.00016364823022250942","45:0.002742573308730817;43:0.0017151246647177099","45:68;35:108;43:68","45:0.005068062401986789;43:0.003399935404702431","0.03857421875","Yes"
"45","47.1340406331967","62.0961011311094","0.00927734375","0.0146484375","0.00390625","1560","0.00034307341265177836","32","0.00034307341265177836","0","0.00034307341265177836","0.00034307341265177836","44:0.002742573308730817;46:0.003347411499575126","44:68;46:68","44:0.005068062401986789;46:0.0030007211929233835","0.00927734375","Yes"
"46","144.5853598200193","115.49317857089477","0.048095703125","0.049560546875","0.046630859375","1560","0.00024336080450302643","32","0.00024336080450302643","0","0.00024336080450302643","0.00024336080450302643","45:0.003347411499575126;47:0.002481053195890759;55:0.0015916358139257403","45:68;47:68;55:68","45:0.0030007211929233835;47:0.0029299935168031477;55:0.0020332046388351066","0.048095703125","Yes"
"47","230.65805020654307","57.359652969242205","0.0189208984375","0.033203125","0.004638671875","1560","0.0003682914395863125","32","0.0003682914395863125","0","0.0003682914395863125","0.0003682914395863125","48:0.0021635710495993554;46:0.002481053195890759","48:68;46:68","48:0.0022209949902875503;46:0.0029299935168031477","0.0189208984375","Yes"
"48","191.78594832386707","228.38053573819664","0.0361328125","0.03759765625","0.03466796875","1560","0.00020240490347098547","32","0.00020240490347098547","0","0.00020240490347098547","0.00020240490347098547","36:0.0019713904873516763;47:0.0021635710495993554;49:0.0024398855772398975","36:68;47:68;49:68","36:0.002060749387379407;47:0.0022209949902875503;49:0.002380621444071307","0.0361328125","Yes"
"49","267.1308070001189","137.15237770682987","0.019775390625","0.01513671875","0.0244140625","1560","0.0001966527633167617","32","0.0001966527633167617","0","0.0001966527633167617","0.0001966527633167617","48:0.0024398855772398975;50:0.001354429549882491","48:68;50:68","48:0.002380621444071307;50:0.0015813849947980407","0.019775390625","Yes"
"50","192.91568858408456","162.52261611676644","0.0968017578125","0.092529296875","0.10107421875","1560","0.00023603483039193947","32","0.00023603483039193947","0","0.00023603483039193947","0.00023603483039193947","56:0.0015453895059324707;49:0.001354429549882491;51:0.0012531676101627809","56:68;49:68;51:68","56:0.0016216799351734257;49:0.0015813849947980407;51:0.0015286708939226679","0.0968017578125","Yes"
"51","326.608669378243","182.77418233389355","0.00830078125","0.00732421875","0.00927734375","1560","0.00022308333727381912","32","0.00022308333727381912","0","0.00022308333727381912","0.00022308333727381912","50:0.0012531676101627809;52:0.001398110439599115","50:68;52:68","50:0.0015286708939226679;52:0.0014031385367751503","0.00830078125","Yes"
"52","186.73132978563135","208.88210426690878","0.030029296875","0.028564453125","0.031494140625","1560","0.00025622387677899904","32","0.00025622387677899904","0","0.00025622387677899904","0.00025622387677899904","51:0.001398110439599115;37:0.0021501157555836314","51:68;37:104","51:0.0014031385367751503;37:0.0031691552678565493","0.030029296875","Yes"
"53","22.368561299607723","62.413003713541706","0.436279296875","0.792236328125","0.080322265625","1560","","32","","0","","","","38:68;57:108","","0.436279296875","Yes"
"54","114.90763997354479","96.56587529930269","0.0224609375","0.012451171875","0.032470703125","1560","0.00023627953131591644","32","0.00023627953131591644","0","0.00023627953131591644","0.00023627953131591644","42:0.002553784284221705;61:0.0038611894906965816","42:80;61:152","42:0.00239244891667012;61:0.0037970769427334294","0.0224609375","Yes"
"55","265.5463046021246","177.8617237215919","0.0096435546875","0.01025390625","0.009033203125","1560","0.00015531578455348644","32","0.00015531578455348644","0","0.00015531578455348644","0.00015531578455348644","65:0.002110494027829646;46:0.0015916358139257403","65:120;46:68","65:0.0020395914689697037;46:0.0020332046388351066","0.0096435546875","Yes"
"56","244.2384010375294","206.263624132065","0.017822265625","0.011962890625","0.023681640625","1560","0.00021258885372819718","32","0.00021258885372819718","0","0.00021258885372819718","0.00021258885372819718","50:0.0015453895059324707;69:0.003034340812657438","50:68;69:160","50:0.0016216799351734257;69:0.003930120430152617","0.017822265625","Yes"
"57","173.9383302366741","192.13370637399336","0.029541015625","0.01220703125","0.046142578125","1560","0.00018637269942473693","32","0.00018637269942473693","0","0.00018637269942473693","0.00018637269942473693","58:0.003534941373514844","53:108;58:68","58:0.002940025198825802","0.029541015625","Yes"
"58","127.76895291281035","120.3966547070677","0.0157470703125","0.01953125","0.011962890625","1560","0.0007168404981118483","32","0.0007168404981118483","0","0.0007168404981118483","0.0007168404981118483","57:0.003534941373514844;59:0.00755883393001025","57:68;59:68","57:0.002940025198825802;59:0.0103716283236793","0.0157470703125","Yes"
"59","159.21841447731438","131.4192498033067","0.0428466796875","0.048095703125","0.03759765625","1560","0.0003570579328200802","32","0.0003570579328200802","0","0.0003570579328200802","0.0003570579328200802","72:0.00558923779564785;58:0.00755883393001025;60:0.00698909435104525","72:68;58:68;60:68","72:0.0075417005790093805;58:0.0103716283236793;60:0.009273288926953893","0.0428466796875","Yes"
"60","191.50044024763363","222.57816156219954","0.0078125","0.0068359375","0.0087890625","1560","0.00018659339054751735","32","0.00018659339054751735","0","0.00018659339054751735","0.00018659339054751735","61:0.00163043560856857;59:0.00698909435104525","61:68;59:68","61:0.0017109335659321878;59:0.009273288926953893","0.0078125","Yes"
"61","178.20772854003118","148.5150399827894","0.014404296875","0.013671875","0.01513671875","1560","0.00024283687313993009","32","0.00024283687313993009","0","0.00024283687313993009","0.00024283687313993009","60:0.00163043560856857;62:0.0025190331723575765;54:0.0038611894906965816","60:68;62:68;54:152","60:0.0017109335659321878;62:0.002497709230422196;54:0.0037970769427334294","0.014404296875","Yes"
"62","91.207799709339","86.1569383522036","0.0137939453125","0.01806640625","0.009521484375","1560","0.00042685530908671414","32","0.00042685530908671414","0","0.00042685530908671414","0.00042685530908671414","61:0.0025190331723575765;63:0.004483451735737359","61:68;63:164","61:0.002497709230422196;63:0.004072542866297629","0.0137939453125","Yes"
"63","235.69812707783007","143.4721652820168","0.0400390625","0.045166015625","0.034912109375","1560","0.0006020765705740228","32","0.0006020765705740228","0","0.0006020765705740228","0.0006020765705740228","62:0.004483451735737359;64:0.0021123593240517935;73:0.0026018809192552284","62:164;64:68;73:88","62:0.004072542866297629;64:0.0021326419438195965;73:0.0028369899258746667","0.0400390625","Yes"
"64","226.3195337436196","146.80369806994946","0.071044921875","0.063720703125","0.078369140625","1560","0.00023584715394038688","32","0.00023584715394038688","0","0.00023584715394038688","0.00023584715394038688","65:0.0018556036897772465;63:0.0021123593240517935","65:68;63:68","65:0.0018507224836780967;63:0.0021326419438195965","0.071044921875","Yes"
"65","209.140296172827","241.07115293613464","0.012939453125","0.013916015625","0.011962890625","1560","0.00020414902197626032","32","0.00020414902197626032","0","0.00020414902197626032","0.00020414902197626032","55:0.002110494027829646;64:0.0018556036897772465;66:0.003089353915246895","55:120;64:68;66:68","55:0.0020395914689697037;64:0.0018507224836780967;66:0.00284370610134535","0.012939453125","Yes"
"66","197.34490068740266","176.99023163679942","0.010009765625","0.0087890625","0.01123046875","1560","0.0006068072351714699","32","0.0006068072351714699","0","0.0006068072351714699","0.0006068072351714699","65:0.003089353915246895;67:0.0025617437954718048","65:68;67:68","65:0.00284370610134535;67:0.003055230967844047","0.010009765625","Yes"
"67","218.73444060366361","150.83027413297722","0.0389404296875","0.041015625","0.036865234375","1560","0.0004397971189331526","32","0.0004397971189331526","0","0.0004397971189331526","0.0004397971189331526","68:0.0026416836660582976;74:0.001824948948821764;66:0.0025617437954718048","68:88;74:72;66:68","68:0.0021753680442529177;74:0.002616848942815747;66:0.003055230967844047","0.0389404296875","Yes"
"68","180.70347519468862","83.50785717462772","0.0089111328125","0.007080078125","0.0107421875","1560","0.0003289796140359222","32","0.0003289796140359222","0","0.0003289796140359222","0.0003289796140359222","67:0.0026416836660582976;69:0.002332958406024349","67:88;69:68","67:0.0021753680442529177;69:0.002677765032906343","0.0089111328125","Yes"
"69","68.45062975793516","53.49012819342731","0.0401611328125","0.05322265625","0.027099609375","1560","0.000311240687448894","32","0.000311240687448894","0","0.000311240687448894","0.000311240687448894","56:0.003034340812657438;68:0.002332958406024349;70:0.05913458296514898","56:160;68:68;70:68","56:0.003930120430152617;68:0.002677765032906343;70:0.012628468137774157","0.0401611328125","Yes"
"70","54.656081575386416","31.97034565041761","0.0621337890625","0.0537109375","0.070556640625","1560","0.005493040442164443","32","0.005493040442164443","0","0.005493040442164443","0.005493040442164443","69:0.05913458296514898;71:0.03412519855601254","69:68;71:68","69:0.012628468137774157;71:0.012571664918637787","0.0621337890625","Yes"
"71","148.60656164250156","37.53817493825131","0.0439453125","0.05126953125","0.03662109375","1560","0.0004317997869649123","32","0.0004317997869649123","0","0.0004317997869649123","0.0004317997869649123","75:0.002981864979532012;70:0.03412519855601254","75:112;70:68","75:0.0031733619717545236;70:0.012571664918637787","0.0439453125","Yes"
"72","94.75058115564737","69.79927887443706","0.0118408203125","0.012451171875","0.01123046875","1560","0.00043942229109300915","32","0.00043942229109300915","0","0.00043942229109300915","0.00043942229109300915","59:0.00558923779564785;78:0.0035961171097615152","59:68;78:120","59:0.0075417005790093805;78:0.0034050854940736452","0.0118408203125","Yes"
"73","223.80808855116328","63.502548718130505","0.0279541015625","0.0224609375","0.033447265625","1560","0.0006010278197603381","32","0.0006010278197603381","0","0.0006010278197603381","0.0006010278197603381","82:0.0021407519597357594;63:0.0026018809192552284","82:88;63:88","82:0.001955376105388984;63:0.0028369899258746667","0.0279541015625","Yes"
"74","252.35095700463043","137.39662717532548","0.0115966796875","0.00927734375","0.014404296875","1560","0.00033915448924142785","32","0.00033915448924142785","0","0.00033915448924142785","0.00033915448924142785","86:0.001800247933491289;67:0.001824948948821764","86:68;67:72","86:0.001842364048273204;67:0.002616848942815747","0.0115966796875","Yes"
"75","204.6832110708957","137.40160784001424","0.0087890625","0.009033203125","0.008544921875","1560","0.00030335394540385293","32","0.00030335394540385293","0","0.00030335394540385293","0.00030335394540385293","90:0.0016862722400471097;71:0.002981864979532012","90:88;71:112","90:0.0016106292839099534;71:0.0031733619717545236","0.0087890625","Yes"
"76","189.80523611227704","158.94528891619706","0.092529296875","0.016357421875","0.168701171875","1560","0.0001557028366358511","32","0.0001557028366358511","0","0.0001557028366358511","0.0001557028366358511","91:0.003314534847853934;77:0.0019341866141102115","91:68;77:68","91:0.0026807842767397894;77:0.001883139720015553","0.092529296875","Yes"
"77","199.6058490617375","149.13643965454165","0.028564453125","0.0205078125","0.03662109375","1560","0.00021643966585180728","32","0.00021643966585180728","0","0.00021643966585180728","0.00021643966585180728","78:0.0024601745455595514;76:0.0019341866141102115","78:68;76:68","78:0.0033054055096879142;76:0.001883139720015553","0.028564453125","Yes"
"78","96.27670485573347","88.92078120267966","0.046875","0.05224609375","0.04150390625","1560","0.000478077850002336","32","0.000478077850002336","0","0.000478077850002336","0.000478077850002336","77:0.0024601745455595514;79:0.009742705051484252;72:0.0035961171097615152","77:68;79:88;72:120","77:0.0033054055096879142;79:0.007159129694509603;72:0.0034050854940736452","0.046875","Yes"
"79","117.18061922926134","128.3249039891391","0.037841796875","0.06884765625","0.0068359375","1560","0.00256316799017196","32","0.00256316799017196","0","0.00256316799017196","0.00256316799017196","78:0.009742705051484252;80:0.009883422086902877","78:88;80:68","78:0.007159129694509603;80:0.007031197963750457","0.037841796875","Yes"
"80","158.9058221949961","27.063927436583906","0.024658203125","0.0234375","0.02587890625","1560","0.000193676913374241","32","0.000193676913374241","0","0.000193676913374241","0.000193676913374241","81:0.002708368614322637;92:0.0013882900943885945;79:0.009883422086902877","81:68;92:68;79:68","81:0.0021874805523076357;92:0.001985053599677128;79:0.007031197963750457","0.024658203125","Yes"
"81","116.26846360296297","115.85994435261613","0.0078125","0.004150390625","0.011474609375","1560","0.000408232149719263","32","0.000408232149719263","0","0.000408232149719263","0.000408232149719263","80:0.002708368614322637;82:0.0015405855951002578","80:68;82:68","80:0.0021874805523076357;82:0.001941068427152387","0.0078125","Yes"
"82","239.49462956316336","138.58908738579024","0.1239013671875","0.12255859375","0.125244140625","1560","0.00014194228669604355","32","0.00014194228669604355","0","0.00014194228669604355","0.00014194228669604355","81:0.0015405855951002578;83:0.0023395609066883816;73:0.0021407519597357594","81:68;83:68;73:88","81:0.001941068427152387;83:0.009496401664021437;73:0.001955376105388984","0.1239013671875","Yes"
"83","91.79644877922674","80.23632797258165","0.0206298828125","0.012451171875","0.02880859375","1560","0.0005285413440409893","32","0.0005285413440409893","0","0.0005285413440409893","0.0005285413440409893","82:0.0023395609066883816;84:0.003731765567939971","82:68;84:108","82:0.009496401664021437;84:0.005667122436267297","0.0206298828125","Yes"
"84","71.81826797725726","63.177907348057865","0.0787353515625","0.09033203125","0.067138671875","1560","0.0005167487184741013","32","0.0005167487184741013","0","0.0005167487184741013","0.0005167487184741013","93:0.008311769489472931;83:0.003731765567939971","93:68;83:108;85:88","93:0.0064628513969809676;83:0.005667122436267297","0.0787353515625","Yes"
"85","3.0153037892801535","5.035610224232128","0.035400390625","0.060302734375","0.010498046875","1560","0.004535814697793723","32","0.004535814697793723","0","0.004535814697793723","0.004535814697793723","86:0.0330028892574121","86:68;84:88","86:0.017453470068397703","0.035400390625","Yes"
"86","174.66302170587477","97.89590283541825","0.2330322265625","0.41015625","0.055908203125","1560","0.00019978895483750985","32","0.00019978895483750985","0","0.00019978895483750985","0.00019978895483750985","85:0.0330028892574121;74:0.001800247933491289;87:0.0016571453905572242","85:68;74:68;87:68","85:0.017453470068397703;74:0.001842364048273204;87:0.0015549245958823288","0.2330322265625","Yes"
"87","262.34027311198275","233.86354311748102","0.0087890625","0.00830078125","0.00927734375","1560","0.0003496192181689001","32","0.0003496192181689001","0","0.0003496192181689001","0.0003496192181689001","86:0.0016571453905572242;88:0.0018207722965981055","86:68;88:68","86:0.0015549245958823288;88:0.0020595009410352694","0.0087890625","Yes"
"88","278.837856548613","270.07225255265575","0.1064453125","0.115234375","0.09765625","1560","0.000279791680197589","32","0.000279791680197589","0","0.000279791680197589","0.000279791680197589","94:0.0021215295665113487;87:0.0018207722965981055;89:0.0036986036315370674","94:76;87:68;89:68","94:0.0022600970640936635;87:0.0020595009410352694;89:0.003793347224594762","0.1064453125","Yes"
"89","189.382288223951","150.91369761335793","0.091552734375","0.098876953125","0.084228515625","1560","0.0008327149767256649","32","0.0008327149767256649","0","0.0008327149767256649","0.0008327149767256649","90:0.002835224522281521;88:0.0036986036315370674","90:68;88:68","90:0.002856732709944826;88:0.003793347224594762","0.091552734375","Yes"
"90","255.96855434946605","244.88110144711007","0.03369140625","0.013671875","0.0537109375","1560","0.0003167418610844153","32","0.0003167418610844153","0","0.0003167418610844153","0.0003167418610844153","75:0.0016862722400471097;89:0.002835224522281521","75:88;89:68","75:0.0016106292839099534;89:0.002856732709944826","0.03369140625","Yes"
"91","192.9578349426909","98.87992770996928","0.0145263671875","0.01171875","0.016357421875","1560","0.0003200862232939991","32","0.0003200862232939991","0","0.0003200862232939991","0.0003200862232939991","95:0.003366724482020661;76:0.003314534847853934","95:148;76:68","95:0.0033576288028031864;76:0.0026807842767397894","0.0145263671875","Yes"
"92","28.619762564039256","44.318016468393644","0.0054931640625","0.0078125","0.003173828125","1560","0.00046952373270413143","32","0.00046952373270413143","0","0.00046952373270413143","0.00046952373270413143","99:0.002183032394291795;80:0.0013882900943885945","99:68;80:68","99:0.0025440726531475444;80:0.001985053599677128","0.0054931640625","Yes"
"93","170.1684718517493","132.1700454996769","0.014892578125","0.019287109375","0.010498046875","1560","0.00015748358787095697","32","0.00015748358787095697","0","0.00015748358787095697","0.00015748358787095697","84:0.008311769489472931;103:0.0029157320707318135","84:68;103:68","84:0.0064628513969809676;103:0.002400280592537607","0.014892578125","Yes"
"94","299.62881408519604","246.60845185026906","0.0152587890625","0.015625","0.014892578125","1560","0.0002946699317283927","32","0.0002946699317283927","0","0.0002946699317283927","0.0002946699317283927","88:0.0021215295665113487;107:0.0027994538080551024","88:76;107:104","88:0.0022600970640936635;107:0.0024353669036991377","0.0152587890625","Yes"
"95","165.88580115858937","190.70957495449287","0.0198974609375","0.017822265625","0.02197265625","1560","0.00025530618658280147","32","0.00025530618658280147","0","0.00025530618658280147","0.00025530618658280147","91:0.003366724482020661;96:0.0020728532040400205","91:148;96:68","91:0.0033576288028031864;96:0.0018113190114268651","0.0198974609375","Yes"
"96","234.8966781133159","161.06693796246316","0.00830078125","0.009765625","0.0068359375","1560","0.0001355445771473348","32","0.0001355445771473348","0","0.0001355445771473348","0.0001355445771473348","97:0.006820169281093691;95:0.0020728532040400205","97:68;95:68","97:0.005480388247552037;95:0.0018113190114268651","0.00830078125","Yes"
"97","210.5400606660546","207.9386852199466","0.0966796875","0.097900390625","0.095458984375","1560","0.0002719950921059548","32","0.0002719950921059548","0","0.0002719950921059548","0.0002719950921059548","96:0.006820169281093691;110:0.003220669989106806;98:0.0024362473973950916","96:68;110:88;98:68","96:0.005480388247552037;110:0.0027539813065732;98:0.0029836834788340705","0.0966796875","Yes"
"98","268.23680943280743","69.58175145118304","0.026611328125","0.045654296875","0.007568359375","1560","0.0003202270079514535","32","0.0003202270079514535","0","0.0003202270079514535","0.0003202270079514535","97:0.0024362473973950916;99:0.0019415333754534136","97:68;99:68","97:0.0029836834788340705;99:0.0030487316905957462","0.026611328125","Yes"
"99","36.82230064699674","53.70818772881519","0.03271484375","0.03125","0.0341796875","1560","0.00026470619560767694","32","0.00026470619560767694","0","0.00026470619560767694","0.00026470619560767694","100:0.002343742008417138;92:0.002183032394291795;98:0.0019415333754534136","100:68;92:68;98:68","100:0.0030601295945613116;92:0.0025440726531475444;98:0.0030487316905957462","0.03271484375","Yes"
"100","191.87593708151982","170.82655695778675","0.039306640625","0.03369140625","0.044921875","1560","0.00029041609604947013","32","0.00029041609604947013","0","0.00029041609604947013","0.00029041609604947013","99:0.002343742008417138;101:0.002284795219041208","99:68;101:88","99:0.0030601295945613116;101:0.0022618834984207137","0.039306640625","Yes"
"101","198.2959761566426","96.60880320159747","0.074462890625","0.0732421875","0.07568359375","1560","0.00019015837139470685","32","0.00019015837139470685","0","0.00019015837139470685","0.00019015837139470685","100:0.002284795219041208;102:0.002274382653133955;111:0.002999342717115966","100:88;102:68;111:108","100:0.0022618834984207137;102:0.0016781089607360855;111:0.003245944957111835","0.074462890625","Yes"
"102","207.40015993529738","33.00945667970499","0.02001953125","0.01318359375","0.02685546875","1560","0.0002626054218595675","32","0.0002626054218595675","0","0.0002626054218595675","0.0002626054218595675","101:0.002274382653133955;103:0.0019018648374828084","101:68;103:68","101:0.0016781089607360855;103:0.0017040007377276678","0.02001953125","Yes"
"103","314.7841597832534","88.3165267575446","0.0347900390625","0.037109375","0.032470703125","1560","0.0001650178406749843","32","0.0001650178406749843","0","0.0001650178406749843","0.0001650178406749843","104:0.011319140915248715;93:0.0029157320707318135;102:0.0019018648374828084","104:68;93:68;102:68","104:0.007133294125048317;93:0.002400280592537607;102:0.0017040007377276678","0.0347900390625","Yes"
"104","103.16393348235694","13.148274890965572","0.0257568359375","0.03759765625","0.013916015625","1560","0.0024813265252087283","32","0.0024813265252087283","0","0.0024813265252087283","0.0024813265252087283","103:0.011319140915248715;105:0.007283017295362626","103:68;105:104","103:0.007133294125048317;105:0.008251124636608348","0.0257568359375","Yes"
"105","117.25283856135115","64.53462194812182","0.1160888671875","0.147216796875","0.0849609375","1560","0.0019375620240944832","32","0.0019375620240944832","0","0.0019375620240944832","0.0019375620240944832","104:0.007283017295362626;106:0.007399050907982124;112:0.0045486935915460824","104:104;106:68;112:68","104:0.008251124636608348;106:0.007235390213710113;112:0.00471673510256812","0.1160888671875","Yes"
"106","123.71307998629118","141.13961048655267","0.1131591796875","0.145263671875","0.0810546875","1560","0.001391469619314342","32","0.001391469619314342","0","0.001391469619314342","0.001391469619314342","107:0.005908746937955289;105:0.007399050907982124","107:68;105:68","107:0.005095152028863903;105:0.007235390213710113","0.1131591796875","Yes"
"107","239.45534635275274","223.94347068252256","0.031982421875","0.02880859375","0.03515625","1560","0.00015615974153318282","32","0.00015615974153318282","0","0.00015615974153318282","0.00015615974153318282","106:0.005908746937955289;108:0.00279212643810689;94:0.0027994538080551024","106:68;108:68;94:104","106:0.005095152028863903;108:0.002360557414848252;94:0.0024353669036991377","0.031982421875","Yes"
"108","69.81102852964219","103.9822740606964","0.019287109375","0.0068359375","0.025634765625","1560","0.00038643511473016696","32","0.00038643511473016696","0","0.00038643511473016696","0.00038643511473016696","107:0.00279212643810689;109:0.002300000747512382","107:68;109:68","107:0.002360557414848252;109:0.002605228436483642","0.019287109375","Yes"
"109","217.71173208600865","233.4881714009797","0.0570068359375","0.038330078125","0.07568359375","1560","0.00036531057368672886","32","0.00036531057368672886","0","0.00036531057368672886","0.00036531057368672886","113:0.003099432217630288;108:0.002300000747512382","113:68;108:68","113:0.0024581514016956962;108:0.002605228436483642","0.0570068359375","Yes"
"110","166.94129192463654","119.16020053116598","0.0108642578125","0.0087890625","0.012939453125","1560","0.0007147887572571061","32","0.0007147887572571061","0","0.0007147887572571061","0.0007147887572571061","116:0.00372229099609947;97:0.003220669989106806","116:80;97:88","116:0.003612107505012674;97:0.0027539813065732","0.0108642578125","Yes"
"111","175.07879581796732","96.29895244536384","0.0126953125","0.0087890625","0.0166015625","1560","0.00021420726096149924","32","0.00021420726096149924","0","0.00021420726096149924","0.00021420726096149924","120:0.00328080131318223;101:0.002999342717115966","120:128;101:108","120:0.0032874050890618622;101:0.003245944957111835","0.0126953125","Yes"
"112","213.9923526382952","169.54208523896574","0.0108642578125","0.0068359375","0.014892578125","1560","0.00023382011026827819","32","0.00023382011026827819","0","0.00023382011026827819","0.00023382011026827819","124:0.0012051883445849954;105:0.0045486935915460824","124:68;105:68","124:0.001417487182537286;105:0.00471673510256812","0.0108642578125","Yes"
"113","135.6600207585463","122.70094569299532","0.0394287109375","0.031982421875","0.046875","1560","0.0005676876132865593","32","0.0005676876132865593","0","0.0005676876132865593","0.0005676876132865593","109:0.003099432217630288;128:0.0020712634364678517","109:68;128:68","109:0.0024581514016956962;128:0.0021430667114931967","0.0394287109375","Yes"
"114","140.5329568532953","110.58622997311225","0.0693359375","0.01416015625","0.12451171875","1560","0.0002153697501586796","32","0.0002153697501586796","0","0.0002153697501586796","0.0002153697501586796","129:0.002818242210261973;115:0.0025186320314756483","129:68;115:104","129:0.003764195632059514;115:0.0034918745014657637","0.0693359375","Yes"
"115","127.90897462116972","106.80694603837637","0.130859375","0.108154296875","0.153564453125","1560","0.0005585511513751815","64","0.0005585511513751815","0","0.0005585511513751815","0.0005585511513751815","114:0.0025186320314756483;116:0.003374467845708412","114:104;116:136","114:0.0034918745014657637;116:0.0032465591448360143","0.130859375","Yes"
"116","163.647158613331","104.45381318397943","0.059814453125","0.044921875","0.07470703125","1560","0.0002679855110594189","32","0.0002679855110594189","0","0.0002679855110594189","0.0002679855110594189","110:0.00372229099609947;115:0.003374467845708412;117:0.0391823482039754","110:80;115:136;117:68","110:0.003612107505012674;115:0.0032465591448360143;117:0.024195610042391485","0.059814453125","Yes"
"117","76.63325383498444","62.98452991912734","0.0084228515625","0.01611328125","0.000732421875","1560","0.0003445796776984827","32","0.0003445796776984827","0","0.0003445796776984827","0.0003445796776984827","116:0.0391823482039754;118:0.016414666368870817","116:68;118:68","116:0.024195610042391485;118:0.010531314287934274","0.0084228515625","Yes"
"118","218.0332749533216","196.9836381213495","0.1080322265625","0.0810546875","0.135009765625","1560","0.00033427489082908825","32","0.00033427489082908825","0","0.00033427489082908825","0.00033427489082908825","119:0.0032673098745482076;130:0.0016880240626375165;117:0.016414666368870817","119:68;130:68;117:68","119:0.0030203520363751013;130:0.002037810018220121;117:0.010531314287934274","0.1080322265625","Yes"
"119","330.6958415133663","175.5175886860778","0.025390625","0.027099609375","0.023681640625","1560","0.00047365176194669054","32","0.00047365176194669054","0","0.00047365176194669054","0.00047365176194669054","118:0.0032673098745482076;120:0.0017032510235758247","118:68;120:68","118:0.0030203520363751013;120:0.001626407516230638","0.025390625","Yes"
"120","131.43252826066038","102.39964084093266","0.038818359375","0.03125","0.04638671875","1560","0.00024233271988309554","32","0.00024233271988309554","0","0.00024233271988309554","0.00024233271988309554","119:0.0017032510235758247;121:0.00171361586433591;111:0.00328080131318223","119:68;121:80;111:128","119:0.001626407516230638;121:0.002283072195647412;111:0.0032874050890618622","0.038818359375","Yes"
"121","251.1348963014508","112.10158938451612","0.029052734375","0.02001953125","0.0380859375","1560","0.00018838610902113063","32","0.00018838610902113063","0","0.00018838610902113063","0.00018838610902113063","120:0.00171361586433591;122:0.006595151104689501","120:80;122:68","120:0.002283072195647412;122:0.005371541074967345","0.029052734375","Yes"
"122","190.9648116645258","132.46351064694025","0.0467529296875","0.03662109375","0.056884765625","1560","0.00040224874199706624","32","0.00040224874199706624","0","0.00040224874199706624","0.00040224874199706624","131:0.0024168283665253476;121:0.006595151104689501;123:0.007203315132783411","131:68;121:68;123:68","131:0.005438910043473882;121:0.005371541074967345;123:0.016853213912874976","0.0467529296875","Yes"
"123","45.35882895265957","54.2916114180992","0.0498046875","0.071533203125","0.028076171875","1560","0.001924053166316029","32","0.001924053166316029","0","0.001924053166316029","0.001924053166316029","124:0.018683076004287258;122:0.007203315132783411","124:68;122:68","124:0.01327056619124431;122:0.016853213912874976","0.0498046875","Yes"
"124","217.1445320535658","123.19054377640929","0.0931396484375","0.08837890625","0.097900390625","1560","0.00019065265464075445","32","0.00019065265464075445","0","0.00019065265464075445","0.00019065265464075445","112:0.0012051883445849954;123:0.018683076004287258;125:0.0017219483645015965","112:68;123:68;125:108","112:0.001417487182537286;123:0.01327056619124431;125:0.0027471241497462606","0.0931396484375","Yes"
"125","252.02800534892557","224.2274962805476","0.026611328125","0.03076171875","0.0283203125","1560","0.00016430473868317189","32","0.00016430473868317189","0","0.00016430473868317189","0.00016430473868317189","124:0.0017219483645015965;126:0.0013279400143970388","124:108;126:68","124:0.0027471241497462606;126:0.0022373522058093676","0.026611328125","Yes"
"126","185.79174799626568","214.09343233169142","0.0489501953125","0.046875","0.051025390625","1560","0.00023779615218794115","32","0.00023779615218794115","0","0.00023779615218794115","0.00023779615218794115","132:0.0019428033997551386;127:0.003039837962422326;125:0.0013279400143970388","132:68;127:68;125:68","132:0.001898122677202907;127:0.0027078014177283616;125:0.0022373522058093676","0.0489501953125","Yes"
"127","97.48512304974943","77.71381127543408","0.1795654296875","0.156005859375","0.203125","1560","0.00034153774342973535","32","0.00034153774342973535","0","0.00034153774342973535","0.00034153774342973535","126:0.003039837962422326;128:0.002557407893591268","126:68;128:68","126:0.0027078014177283616;128:0.0022685330364988765","0.1795654296875","Yes"
"128","212.99508930907098","155.5562137700962","0.0411376953125","0.02978515625","0.052490234375","1560","0.00021943770405224967","32","0.00021943770405224967","0","0.00021943770405224967","0.00021943770405224967","113:0.0020712634364678517;127:0.002557407893591268","113:68;127:68","113:0.0021430667114931967;127:0.0022685330364988765","0.0411376953125","Yes"
"129","196.01884753918196","125.9046106058486","0.0406494140625","0.033935546875","0.04736328125","1560","0.0007238581469134304","32","0.0007238581469134304","0","0.0007238581469134304","0.0007238581469134304","114:0.002818242210261973","114:68","114:0.003764195632059514","0.0406494140625","Yes"
"130","206.8289316610547","230.80106141092978","0.0118408203125","0.01025390625","0.013427734375","1560","0.000425202389777856","32","0.000425202389777856","0","0.000425202389777856","0.000425202389777856","118:0.0016880240626375165","118:68","118:0.002037810018220121","0.0118408203125","Yes"
"131","267.74150067188725","137.51933233873302","0.0093994140625","0.006103515625","0.0126953125","1560","0.00034159201289823927","32","0.00034159201289823927","0","0.00034159201289823927","0.00034159201289823927","122:0.0024168283665253476","122:68","122:0.005438910043473882","0.0093994140625","Yes"
"132","162.88530620033242","193.8073376329261","0.0338134765625","0.056396484375","0.01123046875","1560","0.000512236470993348","32","0.000512236470993348","0","0.000512236470993348","0.000512236470993348","126:0.0019428033997551386","126:68","126:0.001898122677202907","0.0338134765625","Yes"